<?xml version="1.0"?>
<doc>
    <assembly>
        <name>ReactiveUI.Xaml</name>
    </assembly>
    <members>
        <member name="T:ReactiveUI.ComponentModelTypeConverter">
            <summary>
            This binding type converter uses the built-in WPF component model 
            conversions to get a whole bunch of conversions for free. Unfortunately,
            these are pretty gutted on some other platforms like Silverlight.
            </summary>
        </member>
        <member name="T:ReactiveUI.PlatformUnitTestDetector">
            <summary>
            Because RxUI.dll is in a PLib, it doesn't have the SuperPowers it needs
            to be able to really detect whether it's in a unit test runner. This class
            is much better at it.
            </summary>
        </member>
        <member name="T:ReactiveUI.Xaml.Registrations">
            <summary>
            Ignore me. This class is a secret handshake between RxUI and RxUI.Xaml
            in order to register certain classes on startup that would be difficult
            to register otherwise.
            </summary>
        </member>
        <member name="T:ReactiveUI.Xaml.AutoDataTemplateBindingHook">
            <summary>
            AutoDataTemplateBindingHook is a binding hook that checks ItemsControls
            that don't have DataTemplates, and assigns a default DataTemplate that
            loads the View associated with each ViewModel.
            </summary>
        </member>
        <member name="T:ReactiveUI.Xaml.BooleanToVisibilityTypeConverter">
            <summary>
            This type convert converts between Boolean and XAML Visibility - the 
            conversionHint is a BooleanToVisibilityHint
            </summary>
        </member>
        <member name="T:ReactiveUI.Xaml.CreatesCommandBindingViaEvent">
            <summary>
            This binder is the default binder for connecting to arbitrary events
            </summary>
        </member>
        <member name="T:ReactiveUI.Xaml.RoutedViewHost">
            <summary>
            This control hosts the View associated with a Router, and will display
            the View and wire up the ViewModel whenever a new ViewModel is
            navigated to. Put this control as the only control in your Window.
            </summary>
        </member>
        <member name="T:ReactiveUI.Xaml.TransitioningContentControl">
            <summary>
            A ContentControl that animates the transition when its content is changed.
            </summary>
        </member>
        <member name="F:ReactiveUI.Xaml.TransitioningContentControl.TransitionProperty">
            <summary>
            <see cref="T:System.Windows.DependencyProperty"/> for the <see cref="P:ReactiveUI.Xaml.TransitioningContentControl.Transition"/> property.
            </summary>
        </member>
        <member name="F:ReactiveUI.Xaml.TransitioningContentControl.TransitionPartProperty">
            <summary>
            <see cref="T:System.Windows.DependencyProperty"/> for the <see cref="P:ReactiveUI.Xaml.TransitioningContentControl.TransitionPart"/> property.
            </summary>
        </member>
        <member name="M:ReactiveUI.Xaml.TransitioningContentControl.#ctor">
            <summary>
            Initializes a new instance of the <see cref="T:ReactiveUI.Xaml.TransitioningContentControl"/> class.
            </summary>
        </member>
        <member name="M:ReactiveUI.Xaml.TransitioningContentControl.OnContentChanged(System.Object,System.Object)">
            <summary>
            Called when the value of the <see cref="P:System.Windows.Controls.ContentControl.Content"/> property changes.
            </summary>
            <param name="oldContent">The old value of the <see cref="P:System.Windows.Controls.ContentControl.Content"/> property.</param>
            <param name="newContent">The new value of the <see cref="P:System.Windows.Controls.ContentControl.Content"/> property.</param>
        </member>
        <member name="M:ReactiveUI.Xaml.TransitioningContentControl.AbortTransition">
            <summary>
            Aborts the transition.
            </summary>
        </member>
        <member name="M:ReactiveUI.Xaml.TransitioningContentControl.SetTransitionDefaultValues">
            <summary>
            Sets default values for certain transition types.
            </summary>
        </member>
        <member name="E:ReactiveUI.Xaml.TransitioningContentControl.TransitionCompleted">
            <summary>
            Occurs when a transition has completed.
            </summary>
        </member>
        <member name="E:ReactiveUI.Xaml.TransitioningContentControl.TransitionStarted">
            <summary>
            Occurs when a transition has started.
            </summary>
        </member>
        <member name="P:ReactiveUI.Xaml.TransitioningContentControl.Transition">
            <summary>
            Gets or sets the transition.
            </summary>
            <value>The transition.</value>
        </member>
        <member name="P:ReactiveUI.Xaml.TransitioningContentControl.TransitionPart">
            <summary>
            Gets or sets the transition part.
            </summary>
            <value>The transition part.</value>
        </member>
        <member name="T:ReactiveUI.Xaml.TransitioningContentControl.TransitionType">
            <summary>
            Represents the type of transition that a TransitioningContentControl will perform.
            </summary>
        </member>
        <member name="F:ReactiveUI.Xaml.TransitioningContentControl.TransitionType.Fade">
            <summary>
            A simple fading transition.
            </summary>
        </member>
        <member name="F:ReactiveUI.Xaml.TransitioningContentControl.TransitionType.FadeDown">
            <summary>
            A transition that fades the new element in from the top.
            </summary>
        </member>
        <member name="F:ReactiveUI.Xaml.TransitioningContentControl.TransitionType.SlideLeft">
            <summary>
            A transition that slides old content left and out of view, then slides new content back in from the same direction.
            </summary>
        </member>
        <member name="T:ReactiveUI.Xaml.TransitioningContentControl.TransitionPartType">
            <summary>
            Represents the part of the transition that the developer would like the TransitioningContentControl to perform
            </summary>
            <remarks>This only applies to certain TransitionTypes. An InvalidOperationException will be thrown if the TransitionType does not support the TransitionPartType. Default is OutIn.</remarks>
        </member>
        <member name="F:ReactiveUI.Xaml.TransitioningContentControl.TransitionPartType.Out">
            <summary>
            Transitions out only.
            </summary>
        </member>
        <member name="F:ReactiveUI.Xaml.TransitioningContentControl.TransitionPartType.In">
            <summary>
            Transitions in only.
            </summary>
        </member>
        <member name="F:ReactiveUI.Xaml.TransitioningContentControl.TransitionPartType.OutIn">
            <summary>
            Transitions in and out.
            </summary>
        </member>
        <member name="P:ReactiveUI.Xaml.RoutedViewHost.Router">
            <summary>
            The Router associated with this View Host.
            </summary>
        </member>
        <member name="P:ReactiveUI.Xaml.RoutedViewHost.DefaultContent">
            <summary>
            This content is displayed whenever there is no page currently
            routed.
            </summary>
        </member>
        <member name="T:ReactiveUI.Xaml.ViewModelViewHost">
            <summary>
            This content control will automatically load the View associated with
            the ViewModel property and display it. This control is very useful
            inside a DataTemplate to display the View associated with a ViewModel.
            </summary>
        </member>
        <member name="P:ReactiveUI.Xaml.ViewModelViewHost.ViewModel">
            <summary>
            The ViewModel to display
            </summary>
        </member>
        <member name="P:ReactiveUI.Xaml.ViewModelViewHost.DefaultContent">
            <summary>
            If no ViewModel is displayed, this content (i.e. a control) will be displayed.
            </summary>
        </member>
    </members>
</doc>
